<keymap version="1" name="Mac OS X 10.5+ fifsky" parent="Mac OS X 10.5+">
  <action id="GotoSuperMethod" />
  <action id="PublishGroup.Upload">
    <keyboard-shortcut first-keystroke="meta u" />
  </action>
  <action id="SwitchApply">
    <keyboard-shortcut first-keystroke="ctrl alt enter" />
  </action>
  <action id="SwitchDown">
    <keyboard-shortcut first-keystroke="ctrl alt down" />
  </action>
  <action id="SwitchLeft">
    <keyboard-shortcut first-keystroke="ctrl alt left" />
  </action>
  <action id="SwitchRight">
    <keyboard-shortcut first-keystroke="ctrl alt right" />
  </action>
  <action id="SwitchUp">
    <keyboard-shortcut first-keystroke="ctrl alt up" />
  </action>
</keymap>