<application>
  <component name="libraryTable">
    <library name="jQuery-1.6.2" type="javaScript">
      <CLASSES>
        <root url="file://$USER_HOME$/.WebIde10/system/extLibs/http_code.jquery.com_jquery-1.6.2.js" />
      </CLASSES>
      <DOCUMENTATION>
        <root url="http://api.jquery.com" />
      </DOCUMENTATION>
      <SOURCES />
    </library>
    <library name="Node.js v0.6.19 Core Library" type="javaScript">
      <properties>
        <option name="frameworkName" value="Node.js Core Library" />
        <option name="frameworkVersion" value="v0.6.19" />
      </properties>
      <CLASSES>
        <root url="file://$USER_HOME$/.WebIde40/system/extLibs/nodejs-v0.6.19-src/unpacked-sources/lib/buffer_ieee754.js" />
        <root url="file://$USER_HOME$/.WebIde40/system/extLibs/nodejs-v0.6.19-src/unpacked-sources/lib/buffer.js" />
        <root url="file://$USER_HOME$/.WebIde40/system/extLibs/nodejs-v0.6.19-src/unpacked-sources/lib/assert.js" />
        <root url="file://$USER_HOME$/.WebIde40/system/extLibs/nodejs-v0.6.19-src/unpacked-sources/lib/constants.js" />
        <root url="file://$USER_HOME$/.WebIde40/system/extLibs/nodejs-v0.6.19-src/unpacked-sources/lib/console.js" />
        <root url="file://$USER_HOME$/.WebIde40/system/extLibs/nodejs-v0.6.19-src/unpacked-sources/lib/cluster.js" />
        <root url="file://$USER_HOME$/.WebIde40/system/extLibs/nodejs-v0.6.19-src/unpacked-sources/lib/child_process.js" />
        <root url="file://$USER_HOME$/.WebIde40/system/extLibs/nodejs-v0.6.19-src/unpacked-sources/lib/zlib.js" />
        <root url="file://$USER_HOME$/.WebIde40/system/extLibs/nodejs-v0.6.19-src/unpacked-sources/lib/vm.js" />
        <root url="file://$USER_HOME$/.WebIde40/system/extLibs/nodejs-v0.6.19-src/unpacked-sources/lib/_linklist.js" />
        <root url="file://$USER_HOME$/.WebIde40/system/extLibs/nodejs-v0.6.19-src/unpacked-sources/lib/_debugger.js" />
        <root url="file://$USER_HOME$/.WebIde40/system/extLibs/nodejs-v0.6.19-src/unpacked-sources/lib/string_decoder.js" />
        <root url="file://$USER_HOME$/.WebIde40/system/extLibs/nodejs-v0.6.19-src/unpacked-sources/lib/stream.js" />
        <root url="file://$USER_HOME$/.WebIde40/system/extLibs/nodejs-v0.6.19-src/unpacked-sources/lib/timers.js" />
        <root url="file://$USER_HOME$/.WebIde40/system/extLibs/nodejs-v0.6.19-src/unpacked-sources/lib/sys.js" />
        <root url="file://$USER_HOME$/.WebIde40/system/extLibs/nodejs-v0.6.19-src/unpacked-sources/lib/tty.js" />
        <root url="file://$USER_HOME$/.WebIde40/system/extLibs/nodejs-v0.6.19-src/unpacked-sources/lib/tls.js" />
        <root url="file://$USER_HOME$/.WebIde40/system/extLibs/nodejs-v0.6.19-src/unpacked-sources/lib/util.js" />
        <root url="file://$USER_HOME$/.WebIde40/system/extLibs/nodejs-v0.6.19-src/unpacked-sources/lib/url.js" />
        <root url="file://$USER_HOME$/.WebIde40/system/extLibs/nodejs-v0.6.19-src/unpacked-sources/lib/module.js" />
        <root url="file://$USER_HOME$/.WebIde40/system/extLibs/nodejs-v0.6.19-src/unpacked-sources/lib/net.js" />
        <root url="file://$USER_HOME$/.WebIde40/system/extLibs/nodejs-v0.6.19-src/unpacked-sources/lib/os.js" />
        <root url="file://$USER_HOME$/.WebIde40/system/extLibs/nodejs-v0.6.19-src/unpacked-sources/lib/path.js" />
        <root url="file://$USER_HOME$/.WebIde40/system/extLibs/nodejs-v0.6.19-src/unpacked-sources/lib/punycode.js" />
        <root url="file://$USER_HOME$/.WebIde40/system/extLibs/nodejs-v0.6.19-src/unpacked-sources/lib/querystring.js" />
        <root url="file://$USER_HOME$/.WebIde40/system/extLibs/nodejs-v0.6.19-src/unpacked-sources/lib/readline.js" />
        <root url="file://$USER_HOME$/.WebIde40/system/extLibs/nodejs-v0.6.19-src/unpacked-sources/lib/repl.js" />
        <root url="file://$USER_HOME$/.WebIde40/system/extLibs/nodejs-v0.6.19-src/unpacked-sources/lib/crypto.js" />
        <root url="file://$USER_HOME$/.WebIde40/system/extLibs/nodejs-v0.6.19-src/unpacked-sources/lib/dgram.js" />
        <root url="file://$USER_HOME$/.WebIde40/system/extLibs/nodejs-v0.6.19-src/unpacked-sources/lib/dns.js" />
        <root url="file://$USER_HOME$/.WebIde40/system/extLibs/nodejs-v0.6.19-src/unpacked-sources/lib/events.js" />
        <root url="file://$USER_HOME$/.WebIde40/system/extLibs/nodejs-v0.6.19-src/unpacked-sources/lib/freelist.js" />
        <root url="file://$USER_HOME$/.WebIde40/system/extLibs/nodejs-v0.6.19-src/unpacked-sources/lib/fs.js" />
        <root url="file://$USER_HOME$/.WebIde40/system/extLibs/nodejs-v0.6.19-src/unpacked-sources/lib/http.js" />
        <root url="file://$USER_HOME$/.WebIde40/system/extLibs/nodejs-v0.6.19-src/unpacked-sources/lib/https.js" />
      </CLASSES>
      <SOURCES />
    </library>
    <library name="sass-stdlib">
      <CLASSES>
        <root url="file://$APPLICATION_HOME_DIR$/plugins/sass/lib/stubs/sass_functions.scss" />
      </CLASSES>
      <SOURCES />
    </library>
  </component>
</application>