<application>
  <component name="LocalDatabaseDriverManager">
    <driver id="db2.base" name="DB2" dialect="DB2">
      <option name="auto-sync" value="false" />
      <driver id="db2" name="DB2 LUW" dialect="DB2">
        <property name="retrieveMessagesFromServerOnGetMessage" value="true" />
      </driver>
      <driver id="db2.jtopen" name="JTOpen (DB2 iSeries)" dialect="DB2" />
    </driver>
    <driver id="derby" name="Derby" dialect="Derby">
      <driver id="derby.embedded" name="Embedded">
        <option name="auto-sync" value="true" />
      </driver>
      <driver id="derby.remote" name="Remote">
        <option name="auto-sync" value="true" />
      </driver>
    </driver>
    <driver id="sqlserver" name="SQL Server" dialect="TSQL">
      <option name="auto-sync" value="false" />
      <driver id="sqlserver.jtds" name="jTDS" />
      <driver id="sqlserver.ms" name="Microsoft" />
    </driver>
    <driver id="sybase" name="Sybase" dialect="Sybase">
      <option name="auto-sync" value="false" />
      <driver id="sybase.jtds" name="jTDS" />
      <driver id="sybase.ase" name="Native" />
    </driver>
    <driver id="mysql" name="MySQL" dialect="MySQL">
      <option name="auto-sync" value="true" />
      <property name="zeroDateTimeBehavior" value="convertToNull" />
      <property name="tinyInt1isBit" value="false" />
      <property name="characterEncoding" value="utf8" />
      <property name="characterSetResults" value="utf8" />
      <property name="yearIsDateType" value="false" />
      <library>
        <url>file://$APPLICATION_CONFIG_DIR$/jdbc-drivers/mysql-connector-license.txt</url>
      </library>
      <library>
        <url>file://$APPLICATION_CONFIG_DIR$/jdbc-drivers/mysql-connector-java-5.1.35-bin.jar</url>
      </library>
    </driver>
    <driver id="oracle" name="Oracle" dialect="Oracle">
      <option name="auto-sync" value="false" />
      <option name="auto-commit" value="false" />
    </driver>
    <driver id="postgresql" name="PostgreSQL" dialect="PostgreSQL">
      <option name="auto-sync" value="true" />
    </driver>
    <driver id="hsqldb" name="HSQLDB" dialect="HSQLDB">
      <driver id="hsqldb.embedded" name="Embedded">
        <option name="auto-sync" value="true" />
      </driver>
      <driver id="hsqldb.remote" name="Remote">
        <option name="auto-sync" value="true" />
      </driver>
      <driver id="hsqldb.in-memory" name="In-memory">
        <option name="auto-sync" value="true" />
      </driver>
    </driver>
    <driver id="h2" name="H2" dialect="H2">
      <driver id="h2.embedded" name="Embedded">
        <option name="auto-sync" value="true" />
      </driver>
      <driver id="h2.remote" name="Remote">
        <option name="auto-sync" value="true" />
      </driver>
      <driver id="h2.in-memory" name="In-memory">
        <option name="auto-sync" value="true" />
      </driver>
    </driver>
    <driver id="sqlite" name="SQLite" dialect="SQLite">
      <option name="auto-sync" value="true" />
      <driver id="sqlite.xerial" name="Xerial">
        <library>
          <url>file://$USER_HOME$/Library/Preferences/WebIde70/jdbc-drivers/xerial-sqlite-license.txt</url>
        </library>
        <library>
          <url>file://$USER_HOME$/Library/Preferences/WebIde70/jdbc-drivers/sqlite-jdbc-3.7.6.3-20110609.081603-3.jar</url>
        </library>
      </driver>
      <driver id="sqlite.zentus" name="Zentus">
        <library>
          <url>file://$APPLICATION_CONFIG_DIR$/jdbc-drivers/zentus-sqlite-license.txt</url>
        </library>
        <library>
          <url>file://$APPLICATION_CONFIG_DIR$/jdbc-drivers/sqlitejdbc-v056.jar</url>
        </library>
      </driver>
    </driver>
  </component>
</application>