<application>
  <component name="ProjectJdkTable">
    <jdk version="2">
      <name value="Go SDK go1.3 darwin/amd64" />
      <type value="Google Go SDK" />
      <version value="go1.3 darwin/amd64" />
      <homePath value="$GOROOT$" />
      <roots>
        <classPath>
          <root type="composite">
            <root type="simple" url="file://$GOROOT$/src/pkg" />
            <root type="simple" url="file://$GOPATH$/src" />
          </root>
        </classPath>
        <sourcePath>
          <root type="composite">
            <root type="simple" url="file://$GOROOT$/src/pkg" />
          </root>
        </sourcePath>
      </roots>
      <additional />
    </jdk>
    <jdk version="2">
      <name value="Kahlua" />
      <type value="Lua SDK" />
      <homePath value="" />
      <roots>
        <classPath>
          <root type="composite">
            <root type="simple" url="file://$APPLICATION_PLUGINS_DIR$/Lua/stdlibrary" />
          </root>
        </classPath>
        <sourcePath>
          <root type="composite">
            <root type="simple" url="file://$APPLICATION_PLUGINS_DIR$/Lua/classes/stdlibrary" />
          </root>
        </sourcePath>
      </roots>
      <additional />
    </jdk>
    <jdk version="2">
      <name value="LuaJ" />
      <type value="Lua SDK" />
      <homePath value="" />
      <roots>
        <classPath>
          <root type="composite">
            <root type="simple" url="file://$APPLICATION_PLUGINS_DIR$/Lua/stdlibrary" />
          </root>
        </classPath>
        <sourcePath>
          <root type="composite">
            <root type="simple" url="file://$APPLICATION_PLUGINS_DIR$/Lua/classes/stdlibrary" />
          </root>
        </sourcePath>
      </roots>
      <additional />
    </jdk>
  </component>
</application>