<application>
  <component name="MessDetector">
    <phpmd_settings>
      <MessDetectorConfiguration />
    </phpmd_settings>
  </component>
  <component name="PhpCodeSniffer">
    <phpcs_settings>
      <PhpCSConfiguration />
    </phpcs_settings>
  </component>
  <component name="PhpInterpreters">
    <interpreters>
      <interpreter home="/usr/local/bin/php" id="bf329158-e76c-44f8-b8da-b5ce15dc124c" name="php5.5.9" debugger_id="php.debugger.XDebug" />
    </interpreters>
  </component>
  <component name="PhpInterpretersPhpInfoCache">
    <phpInfoCache>
      <interpreter name="php5.5.9">
        <phpinfo binary_type="PHP" php_cgi="/usr/local/Cellar/php70/7.0.11_5/bin/php-cgi" php_cli="/usr/local/Cellar/php70/7.0.11_5/bin/php" path_separator=":" version="7.0.11">
          <additional_php_ini>/usr/local/etc/php/7.0/conf.d/ext-igbinary.ini, /usr/local/etc/php/7.0/conf.d/ext-memcached.ini, /usr/local/etc/php/7.0/conf.d/ext-msgpack.ini, /usr/local/etc/php/7.0/conf.d/ext-redis.ini, /usr/local/etc/php/7.0/conf.d/ext-swoole.ini, /usr/local/etc/php/7.0/conf.d/ext-xdebug.ini</additional_php_ini>
          <configuration_file>/usr/local/etc/php/7.0/php.ini</configuration_file>
          <configuration_options>
            <configuration_option name="SMTP" value="localhost" />
            <configuration_option name="allow_url_fopen" value="1" />
            <configuration_option name="allow_url_include" value="" />
            <configuration_option name="arg_separator.input" value="&amp;" />
            <configuration_option name="arg_separator.output" value="&amp;" />
            <configuration_option name="assert.active" value="1" />
            <configuration_option name="assert.bail" value="0" />
            <configuration_option name="assert.callback" value="" />
            <configuration_option name="assert.exception" value="0" />
            <configuration_option name="assert.quiet_eval" value="0" />
            <configuration_option name="assert.warning" value="1" />
            <configuration_option name="auto_append_file" value="" />
            <configuration_option name="auto_detect_line_endings" value="0" />
            <configuration_option name="auto_globals_jit" value="1" />
            <configuration_option name="auto_prepend_file" value="" />
            <configuration_option name="bcmath.scale" value="0" />
            <configuration_option name="browscap" value="" />
            <configuration_option name="cli.pager" value="" />
            <configuration_option name="cli.prompt" value="\b \&gt; " />
            <configuration_option name="curl.cainfo" value="" />
            <configuration_option name="date.default_latitude" value="31.7667" />
            <configuration_option name="date.default_longitude" value="35.2333" />
            <configuration_option name="date.sunrise_zenith" value="90.583333" />
            <configuration_option name="date.sunset_zenith" value="90.583333" />
            <configuration_option name="date.timezone" value="" />
            <configuration_option name="dba.default_handler" value="flatfile" />
            <configuration_option name="default_charset" value="UTF-8" />
            <configuration_option name="default_mimetype" value="text/html" />
            <configuration_option name="default_socket_timeout" value="60" />
            <configuration_option name="disable_classes" value="" />
            <configuration_option name="disable_functions" value="" />
            <configuration_option name="display_errors" value="1" />
            <configuration_option name="display_startup_errors" value="1" />
            <configuration_option name="doc_root" value="" />
            <configuration_option name="docref_ext" value="" />
            <configuration_option name="docref_root" value="" />
            <configuration_option name="enable_dl" value="" />
            <configuration_option name="enable_post_data_reading" value="1" />
            <configuration_option name="error_append_string" value="" />
            <configuration_option name="error_log" value="" />
            <configuration_option name="error_prepend_string" value="" />
            <configuration_option name="error_reporting" value="32767" />
            <configuration_option name="exif.decode_jis_intel" value="JIS" />
            <configuration_option name="exif.decode_jis_motorola" value="JIS" />
            <configuration_option name="exif.decode_unicode_intel" value="UCS-2LE" />
            <configuration_option name="exif.decode_unicode_motorola" value="UCS-2BE" />
            <configuration_option name="exif.encode_jis" value="" />
            <configuration_option name="exif.encode_unicode" value="ISO-8859-15" />
            <configuration_option name="exit_on_timeout" value="0" />
            <configuration_option name="expose_php" value="1" />
            <configuration_option name="extension_dir" value="/usr/local/Cellar/php70/7.0.11_5/lib/php/extensions/no-debug-non-zts-20151012" />
            <configuration_option name="file_uploads" value="1" />
            <configuration_option name="filter.default" value="unsafe_raw" />
            <configuration_option name="filter.default_flags" value="" />
            <configuration_option name="from" value="" />
            <configuration_option name="gd.jpeg_ignore_warning" value="0" />
            <configuration_option name="highlight.comment" value="#FF8000" />
            <configuration_option name="highlight.default" value="#0000BB" />
            <configuration_option name="highlight.html" value="#000000" />
            <configuration_option name="highlight.keyword" value="#007700" />
            <configuration_option name="highlight.string" value="#DD0000" />
            <configuration_option name="html_errors" value="0" />
            <configuration_option name="iconv.input_encoding" value="" />
            <configuration_option name="iconv.internal_encoding" value="" />
            <configuration_option name="iconv.output_encoding" value="" />
            <configuration_option name="igbinary.compact_strings" value="1" />
            <configuration_option name="ignore_repeated_errors" value="" />
            <configuration_option name="ignore_repeated_source" value="" />
            <configuration_option name="ignore_user_abort" value="0" />
            <configuration_option name="implicit_flush" value="1" />
            <configuration_option name="include_path" value=".:" />
            <configuration_option name="input_encoding" value="" />
            <configuration_option name="internal_encoding" value="" />
            <configuration_option name="ldap.max_links" value="-1" />
            <configuration_option name="log_errors" value="1" />
            <configuration_option name="log_errors_max_len" value="1024" />
            <configuration_option name="mail.add_x_header" value="1" />
            <configuration_option name="mail.force_extra_parameters" value="" />
            <configuration_option name="mail.log" value="" />
            <configuration_option name="max_execution_time" value="0" />
            <configuration_option name="max_file_uploads" value="20" />
            <configuration_option name="max_input_nesting_level" value="64" />
            <configuration_option name="max_input_time" value="-1" />
            <configuration_option name="max_input_vars" value="1000" />
            <configuration_option name="mbstring.detect_order" value="" />
            <configuration_option name="mbstring.encoding_translation" value="0" />
            <configuration_option name="mbstring.func_overload" value="0" />
            <configuration_option name="mbstring.http_input" value="" />
            <configuration_option name="mbstring.http_output" value="" />
            <configuration_option name="mbstring.http_output_conv_mimetypes" value="^(text/|application/xhtml\+xml)" />
            <configuration_option name="mbstring.internal_encoding" value="" />
            <configuration_option name="mbstring.language" value="neutral" />
            <configuration_option name="mbstring.strict_detection" value="0" />
            <configuration_option name="mbstring.substitute_character" value="" />
            <configuration_option name="memcached.compression_factor" value="1.3" />
            <configuration_option name="memcached.compression_threshold" value="2000" />
            <configuration_option name="memcached.compression_type" value="fastlz" />
            <configuration_option name="memcached.default_binary_protocol" value="0" />
            <configuration_option name="memcached.default_connect_timeout" value="0" />
            <configuration_option name="memcached.default_consistent_hash" value="0" />
            <configuration_option name="memcached.serializer" value="igbinary" />
            <configuration_option name="memcached.sess_binary_protocol" value="1" />
            <configuration_option name="memcached.sess_connect_timeout" value="1000" />
            <configuration_option name="memcached.sess_consistent_hash" value="" />
            <configuration_option name="memcached.sess_lock_expire" value="0" />
            <configuration_option name="memcached.sess_lock_max_wait" value="not set" />
            <configuration_option name="memcached.sess_lock_retries" value="5" />
            <configuration_option name="memcached.sess_lock_wait" value="not set" />
            <configuration_option name="memcached.sess_lock_wait_max" value="2000" />
            <configuration_option name="memcached.sess_lock_wait_min" value="1000" />
            <configuration_option name="memcached.sess_locking" value="" />
            <configuration_option name="memcached.sess_number_of_replicas" value="0" />
            <configuration_option name="memcached.sess_persistent" value="0" />
            <configuration_option name="memcached.sess_prefix" value="memc.sess.key." />
            <configuration_option name="memcached.sess_randomize_replica_read" value="" />
            <configuration_option name="memcached.sess_remove_failed_servers" value="0" />
            <configuration_option name="memcached.sess_sasl_password" value="" />
            <configuration_option name="memcached.sess_sasl_username" value="" />
            <configuration_option name="memcached.sess_server_failure_limit" value="0" />
            <configuration_option name="memcached.store_retry_count" value="2" />
            <configuration_option name="memory_limit" value="128M" />
            <configuration_option name="msgpack.error_display" value="1" />
            <configuration_option name="msgpack.illegal_key_insert" value="0" />
            <configuration_option name="msgpack.php_only" value="1" />
            <configuration_option name="msgpack.use_str8_serialization" value="1" />
            <configuration_option name="mysqli.allow_local_infile" value="1" />
            <configuration_option name="mysqli.allow_persistent" value="1" />
            <configuration_option name="mysqli.default_host" value="" />
            <configuration_option name="mysqli.default_port" value="3306" />
            <configuration_option name="mysqli.default_pw" value="" />
            <configuration_option name="mysqli.default_socket" value="/tmp/mysql.sock" />
            <configuration_option name="mysqli.default_user" value="" />
            <configuration_option name="mysqli.max_links" value="-1" />
            <configuration_option name="mysqli.max_persistent" value="-1" />
            <configuration_option name="mysqli.reconnect" value="" />
            <configuration_option name="mysqli.rollback_on_cached_plink" value="0" />
            <configuration_option name="mysqlnd.collect_memory_statistics" value="1" />
            <configuration_option name="mysqlnd.collect_statistics" value="1" />
            <configuration_option name="mysqlnd.debug" value="" />
            <configuration_option name="mysqlnd.fetch_data_copy" value="0" />
            <configuration_option name="mysqlnd.log_mask" value="0" />
            <configuration_option name="mysqlnd.mempool_default_size" value="16000" />
            <configuration_option name="mysqlnd.net_cmd_buffer_size" value="4096" />
            <configuration_option name="mysqlnd.net_read_buffer_size" value="32768" />
            <configuration_option name="mysqlnd.net_read_timeout" value="31536000" />
            <configuration_option name="mysqlnd.sha256_server_public_key" value="" />
            <configuration_option name="mysqlnd.trace_alloc" value="" />
            <configuration_option name="odbc.allow_persistent" value="1" />
            <configuration_option name="odbc.check_persistent" value="1" />
            <configuration_option name="odbc.default_cursortype" value="3" />
            <configuration_option name="odbc.default_db" value="" />
            <configuration_option name="odbc.default_pw" value="" />
            <configuration_option name="odbc.default_user" value="" />
            <configuration_option name="odbc.defaultbinmode" value="1" />
            <configuration_option name="odbc.defaultlrl" value="4096" />
            <configuration_option name="odbc.max_links" value="-1" />
            <configuration_option name="odbc.max_persistent" value="-1" />
            <configuration_option name="open_basedir" value="" />
            <configuration_option name="openssl.cafile" value="" />
            <configuration_option name="openssl.capath" value="" />
            <configuration_option name="output_buffering" value="0" />
            <configuration_option name="output_encoding" value="" />
            <configuration_option name="output_handler" value="" />
            <configuration_option name="pcre.backtrack_limit" value="1000000" />
            <configuration_option name="pcre.jit" value="1" />
            <configuration_option name="pcre.recursion_limit" value="100000" />
            <configuration_option name="pdo_mysql.default_socket" value="/tmp/mysql.sock" />
            <configuration_option name="phar.cache_list" value="" />
            <configuration_option name="phar.readonly" value="1" />
            <configuration_option name="phar.require_hash" value="1" />
            <configuration_option name="post_max_size" value="8M" />
            <configuration_option name="precision" value="14" />
            <configuration_option name="realpath_cache_size" value="16K" />
            <configuration_option name="realpath_cache_ttl" value="120" />
            <configuration_option name="redis.arrays.autorehash" value="" />
            <configuration_option name="redis.arrays.functions" value="" />
            <configuration_option name="redis.arrays.hosts" value="" />
            <configuration_option name="redis.arrays.index" value="" />
            <configuration_option name="redis.arrays.names" value="" />
            <configuration_option name="redis.arrays.previous" value="" />
            <configuration_option name="redis.clusters.read_timeout" value="" />
            <configuration_option name="redis.clusters.seeds" value="" />
            <configuration_option name="redis.clusters.timeout" value="" />
            <configuration_option name="register_argc_argv" value="1" />
            <configuration_option name="report_memleaks" value="1" />
            <configuration_option name="report_zend_debug" value="0" />
            <configuration_option name="request_order" value="GP" />
            <configuration_option name="sendmail_from" value="" />
            <configuration_option name="sendmail_path" value="/usr/sbin/sendmail -t -i " />
            <configuration_option name="serialize_precision" value="17" />
            <configuration_option name="session.auto_start" value="0" />
            <configuration_option name="session.cache_expire" value="180" />
            <configuration_option name="session.cache_limiter" value="nocache" />
            <configuration_option name="session.cookie_domain" value="" />
            <configuration_option name="session.cookie_httponly" value="" />
            <configuration_option name="session.cookie_lifetime" value="0" />
            <configuration_option name="session.cookie_path" value="/" />
            <configuration_option name="session.cookie_secure" value="" />
            <configuration_option name="session.entropy_file" value="/dev/urandom" />
            <configuration_option name="session.entropy_length" value="32" />
            <configuration_option name="session.gc_divisor" value="1000" />
            <configuration_option name="session.gc_maxlifetime" value="1440" />
            <configuration_option name="session.gc_probability" value="1" />
            <configuration_option name="session.hash_bits_per_character" value="5" />
            <configuration_option name="session.hash_function" value="0" />
            <configuration_option name="session.lazy_write" value="1" />
            <configuration_option name="session.name" value="PHPSESSID" />
            <configuration_option name="session.referer_check" value="" />
            <configuration_option name="session.save_handler" value="files" />
            <configuration_option name="session.save_path" value="" />
            <configuration_option name="session.serialize_handler" value="php" />
            <configuration_option name="session.upload_progress.cleanup" value="1" />
            <configuration_option name="session.upload_progress.enabled" value="1" />
            <configuration_option name="session.upload_progress.freq" value="1%" />
            <configuration_option name="session.upload_progress.min_freq" value="1" />
            <configuration_option name="session.upload_progress.name" value="PHP_SESSION_UPLOAD_PROGRESS" />
            <configuration_option name="session.upload_progress.prefix" value="upload_progress_" />
            <configuration_option name="session.use_cookies" value="1" />
            <configuration_option name="session.use_only_cookies" value="1" />
            <configuration_option name="session.use_strict_mode" value="0" />
            <configuration_option name="session.use_trans_sid" value="0" />
            <configuration_option name="short_open_tag" value="" />
            <configuration_option name="smtp_port" value="25" />
            <configuration_option name="soap.wsdl_cache" value="1" />
            <configuration_option name="soap.wsdl_cache_dir" value="/tmp" />
            <configuration_option name="soap.wsdl_cache_enabled" value="1" />
            <configuration_option name="soap.wsdl_cache_limit" value="5" />
            <configuration_option name="soap.wsdl_cache_ttl" value="86400" />
            <configuration_option name="sql.safe_mode" value="" />
            <configuration_option name="sqlite3.extension_dir" value="" />
            <configuration_option name="swoole.aio_thread_num" value="2" />
            <configuration_option name="swoole.display_errors" value="On" />
            <configuration_option name="swoole.message_queue_key" value="0" />
            <configuration_option name="swoole.unixsock_buffer_size" value="8388608" />
            <configuration_option name="swoole.use_namespace" value="Off" />
            <configuration_option name="sys_temp_dir" value="" />
            <configuration_option name="track_errors" value="1" />
            <configuration_option name="unserialize_callback_func" value="" />
            <configuration_option name="upload_max_filesize" value="2M" />
            <configuration_option name="upload_tmp_dir" value="" />
            <configuration_option name="url_rewriter.tags" value="a=href,area=href,frame=src,input=src,form=fakeentry" />
            <configuration_option name="user_agent" value="" />
            <configuration_option name="user_dir" value="" />
            <configuration_option name="user_ini.cache_ttl" value="300" />
            <configuration_option name="user_ini.filename" value=".user.ini" />
            <configuration_option name="variables_order" value="GPCS" />
            <configuration_option name="xmlrpc_error_number" value="0" />
            <configuration_option name="xmlrpc_errors" value="0" />
            <configuration_option name="zend.assertions" value="1" />
            <configuration_option name="zend.detect_unicode" value="1" />
            <configuration_option name="zend.enable_gc" value="1" />
            <configuration_option name="zend.multibyte" value="0" />
            <configuration_option name="zend.script_encoding" value="" />
            <configuration_option name="zend.signal_check" value="0" />
            <configuration_option name="zlib.output_compression" value="" />
            <configuration_option name="zlib.output_compression_level" value="-1" />
            <configuration_option name="zlib.output_handler" value="" />
          </configuration_options>
          <debuggers />
          <loaded_extensions>
            <extension name="Core" />
            <extension name="PDO" />
            <extension name="PDO_ODBC" />
            <extension name="Phar" />
            <extension name="Reflection" />
            <extension name="SPL" />
            <extension name="SimpleXML" />
            <extension name="bcmath" />
            <extension name="bz2" />
            <extension name="calendar" />
            <extension name="ctype" />
            <extension name="curl" />
            <extension name="date" />
            <extension name="dba" />
            <extension name="dom" />
            <extension name="exif" />
            <extension name="fileinfo" />
            <extension name="filter" />
            <extension name="ftp" />
            <extension name="gd" />
            <extension name="gettext" />
            <extension name="hash" />
            <extension name="iconv" />
            <extension name="igbinary" />
            <extension name="json" />
            <extension name="ldap" />
            <extension name="libxml" />
            <extension name="mbstring" />
            <extension name="memcached" />
            <extension name="msgpack" />
            <extension name="mysqli" />
            <extension name="mysqlnd" />
            <extension name="odbc" />
            <extension name="openssl" />
            <extension name="pcntl" />
            <extension name="pcre" />
            <extension name="pdo_mysql" />
            <extension name="pdo_sqlite" />
            <extension name="posix" />
            <extension name="readline" />
            <extension name="redis" />
            <extension name="session" />
            <extension name="shmop" />
            <extension name="soap" />
            <extension name="sockets" />
            <extension name="sqlite3" />
            <extension name="standard" />
            <extension name="swoole" />
            <extension name="sysvmsg" />
            <extension name="sysvsem" />
            <extension name="sysvshm" />
            <extension name="tokenizer" />
            <extension name="wddx" />
            <extension name="xml" />
            <extension name="xmlreader" />
            <extension name="xmlrpc" />
            <extension name="xmlwriter" />
            <extension name="xsl" />
            <extension name="zip" />
            <extension name="zlib" />
          </loaded_extensions>
        </phpinfo>
      </interpreter>
    </phpInfoCache>
  </component>
</application>