<application>
  <component name="ProjectManager">
    <defaultProject>
      <component name="Behat">
        <behat_settings>
          <BehatSettings />
        </behat_settings>
      </component>
      <component name="PhpWorkspaceProjectConfiguration" backward_compatibility_performed="true" />
      <component name="ProjectLevelVcsManager" settingsEditedManually="false">
        <OptionsSetting value="true" id="Add" />
        <OptionsSetting value="true" id="Remove" />
        <OptionsSetting value="true" id="Checkout" />
        <OptionsSetting value="true" id="Update" />
        <OptionsSetting value="true" id="Status" />
        <OptionsSetting value="true" id="Edit" />
        <ConfirmationsSetting value="0" id="Add" />
        <ConfirmationsSetting value="0" id="Remove" />
      </component>
      <component name="PropertiesComponent">
        <property name="options.lastSelected" value="reference.webide.settings.project.settings.php" />
        <property name="options.splitter.main.proportions" value="0.3" />
        <property name="options.splitter.details.proportions" value="0.2" />
      </component>
    </defaultProject>
  </component>
</application>