<application>
  <component name="UISettings">
    <option name="FONT_FACE" value="Microsoft YaHei" />
    <option name="FONT_SIZE" value="11" />
    <option name="EDITOR_TAB_LIMIT" value="20" />
    <option name="HIDE_TOOL_STRIPES" value="false" />
    <option name="SHOW_MEMORY_INDICATOR" value="true" />
    <option name="SHOW_MAIN_TOOLBAR" value="true" />
    <option name="SHOW_NAVIGATION_BAR" value="false" />
    <option name="EDITOR_TAB_PLACEMENT" value="3" />
    <option name="HIDE_KNOWN_EXTENSION_IN_TABS" value="true" />
    <option name="ACTIVATE_MRU_EDITOR_ON_CLOSE" value="true" />
    <option name="OVERRIDE_NONIDEA_LAF_FONTS" value="true" />
  </component>
</application>