<code_scheme name="fifsky" version="173">
  <PHPCodeStyleSettings>
    <option name="ALIGN_KEY_VALUE_PAIRS" value="true" />
    <option name="ALIGN_PHPDOC_PARAM_NAMES" value="true" />
    <option name="ALIGN_PHPDOC_COMMENTS" value="true" />
    <option name="ALIGN_ASSIGNMENTS" value="true" />
    <option name="COMMA_AFTER_LAST_ARRAY_ELEMENT" value="true" />
    <option name="PHPDOC_BLANK_LINES_AROUND_PARAMETERS" value="true" />
    <option name="IMPORT_SORTING" value="BY_LENGTH" />
    <option name="ALIGN_CLASS_CONSTANTS" value="true" />
  </PHPCodeStyleSettings>
  <codeStyleSettings language="PHP">
    <option name="KEEP_FIRST_COLUMN_COMMENT" value="false" />
    <option name="ALIGN_GROUP_FIELD_DECLARATIONS" value="true" />
  </codeStyleSettings>
</code_scheme>